model,split,pr_auc,roc_auc,brier,precision_top10pct,lift_top10pct,base_rate,threshold,precision,recall,f1
Baseline: base rate,valid,0.7429829389102917,0.5,0.19339123492115146,0.7182320441988951,0.9666871291180684,0.7429829389102917,,,,
Baseline: base rate,test,0.6182618261826183,0.5,0.24170026160555277,0.6629834254143646,1.0723344016043725,0.6182618261826183,,,,
Baseline: docs checklist,valid,0.7842860461180466,0.582698865889444,,0.7845303867403315,1.0559197871905055,0.7429829389102917,,,,
Baseline: docs checklist,test,0.6564111925275927,0.5573990841683161,,0.712707182320442,1.1527594817247007,0.6182618261826183,,,,
Logistic regression,valid,0.9379567808435991,0.8486604806090887,0.15662033126855657,0.988950276243094,1.3310538162471865,0.7429829389102917,,,,
Logistic regression,test,0.8715931293960328,0.7904297896561272,0.20197207961299388,0.988950276243094,1.5995654823931893,0.6182618261826183,,,,
LightGBM,valid,0.9495560866505172,0.8765960821635339,0.11597755394033407,0.994475138121547,1.3384898710865563,0.7429829389102917,,,,
LightGBM,test,0.8733026739690628,0.8044582696626909,0.17627548181150754,0.9779005524861878,1.5816932423664496,0.6182618261826183,,,,
LightGBM (calibrated) - FINAL,test,0.8733026739690628,0.8044582696626909,0.17581187261264797,0.9779005524861878,1.5816932423664496,0.6182618261826183,0.45461961309833165,0.7476780185758514,0.8594306049822064,0.7996688741721855
