feature,label,mean_abs_shap,direction
org_type,Builder type,0.6324569799796557,see categories
card_text,Model card wording (topics),0.48951668403969,text topics
n_language_tags,No. of language tags,0.4424061140534995,higher -> more adoption
log_params,Model size (parameters),0.2982934380061447,mixed
n_files,No. of files,0.24989717623962707,mixed
task_group,Task,0.18333794037192866,see categories
library,Library,0.17921604456628573,see categories
card_n_links,Links in card,0.16374023965863962,higher -> more adoption
card_log_words,Model card length,0.15677474961303045,higher -> more adoption
primary_lang,Language,0.15022571047392339,see categories
log_author_prior_models,Builder's earlier models,0.11982404785597937,higher -> less adoption
name_len,Name length,0.11689265361535407,higher -> less adoption
card_n_datasets,Datasets listed in card,0.09598377177098519,higher -> less adoption
license_group,License type,0.06558355005708523,see categories
n_indic_languages,No. of Indian languages,0.0569577069322209,higher -> more adoption
has_safetensors,Safetensors weights,0.04689867636017361,higher -> more adoption
card_n_headings,Card headings,0.043775587651083366,higher -> less adoption
base_author,Base model provider,0.0402587037643628,see categories
sec_usage,Usage section,0.040156092434201894,higher -> more adoption
has_tokenizer,Tokenizer files,0.0401486665858447,higher -> more adoption
card_n_code_blocks,Code examples in card,0.03205755843830704,higher -> more adoption
is_india_dedicated,Dedicated to one Indian language,0.027132432473302152,higher -> less adoption
card_has_metrics,Metrics listed in card,0.025969802570922917,higher -> more adoption
has_model_index,Structured eval results (model-index),0.019476732299182446,higher -> less adoption
base_relation,How it builds on a base model,0.016373211414499426,see categories
card_has_base_model,Base model declared in card,0.014450496972809986,higher -> less adoption
sec_citation,Citation section,0.0108986708951388,higher -> more adoption
sec_evaluation,Evaluation section,0.007358962007255549,higher -> less adoption
sec_training_data,Training-data section,0.005141387875534894,higher -> more adoption
is_gated,Gated access,0.004658337510373619,higher -> less adoption
sec_limitations,Limitations/bias section,0.002993272061956308,higher -> less adoption
is_indian_builder,Indian builder,0.002856653014354215,higher -> more adoption
has_onnx,ONNX weights,0.0017287673317282028,higher -> less adoption
is_derivative,Built on another model,0.0010309984125240238,mixed
card_is_template,Unedited template text in card,0.0,mixed
has_gguf,GGUF (local-run) weights,0.0,
has_card,Has a model card,0.0,mixed
name_is_throwaway,Test/demo-style name,0.0,mixed
